"","name","partito","s_office","e_office"
"1","ACQUAROLI FRANCESCO","FRATELLI D'ITALIA (27.03.2018-22.10.2020)","20180327","20201022"
"2","ACUNZO NICOLA","MOVIMENTO 5 STELLE (27.03.2018-20.05.2020)","20180327","20200520"
"3","ACUNZO NICOLA","MISTO (20.05.2020)","20200520",NA
"4","ADELIZZI COSIMO","MOVIMENTO 5 STELLE (27.03.2018)","20180327",NA
"5","AIELLO DAVIDE","MOVIMENTO 5 STELLE (27.03.2018)","20180327",NA
"6","AIELLO PIERA","MOVIMENTO 5 STELLE (27.03.2018-02.09.2020)","20180327","20200902"
"7","AIELLO PIERA","MISTO (02.09.2020)","20200902",NA
"8","ALAIMO ROBERTA","MOVIMENTO 5 STELLE (27.03.2018)","20180327",NA
"9","ALBANO LUCIA","FRATELLI D'ITALIA (22.10.2020)","20201022",NA
"10","ALEMANNO MARIA SOAVE","MOVIMENTO 5 STELLE (27.03.2018)","20180327",NA
"11","AMITRANO ALESSANDRO","MOVIMENTO 5 STELLE (27.03.2018)","20180327",NA
"12","ANDREUZZA GIORGIA","LEGA - SALVINI PREMIER (27.03.2018)","20180327",NA
"13","ANGELUCCI ANTONIO","FORZA ITALIA - BERLUSCONI PRESIDENTE (27.03.2018)","20180327",NA
"14","ANGIOLA NUNZIO","MOVIMENTO 5 STELLE (27.03.2018-03.01.2020)","20180327","20200103"
"15","ANGIOLA NUNZIO","MISTO (03.01.2020)","20200103",NA
"16","ANNIBALI LUCIA","PARTITO DEMOCRATICO (27.03.2018-19.09.2019)","20180327","20190919"
"17","ANNIBALI LUCIA","ITALIA VIVA (19.09.2019)","20190919",NA
"18","ANZALDI MICHELE","PARTITO DEMOCRATICO (27.03.2018-19.09.2019)","20180327","20190919"
"19","ANZALDI MICHELE","ITALIA VIVA (19.09.2019)","20190919",NA
"20","APREA VALENTINA","FORZA ITALIA - BERLUSCONI PRESIDENTE (27.03.2018)","20180327",NA
"21","APRILE NADIA","MOVIMENTO 5 STELLE (27.03.2018-21.01.2020)","20180327","20200121"
"22","APRILE NADIA","MISTO (21.01.2020)","20200121",NA
"23","ARESTA GIOVANNI LUCA","MOVIMENTO 5 STELLE (27.03.2018)","20180327",NA
"24","ASCANI ANNA","PARTITO DEMOCRATICO (27.03.2018)","20180327",NA
"25","ASCARI STEFANIA","MOVIMENTO 5 STELLE (27.03.2018)","20180327",NA
"26","AVOSSA EVA","PARTITO DEMOCRATICO (11.03.2021)","20210311",NA
"27","AZZOLINA LUCIA","MOVIMENTO 5 STELLE (27.03.2018)","20180327",NA
"28","BADOLE MIRCO","LEGA - SALVINI PREMIER (27.03.2018)","20180327",NA
"29","BAGNASCO ROBERTO","FORZA ITALIA - BERLUSCONI PRESIDENTE (27.03.2018)","20180327",NA
"30","BALDELLI SIMONE","FORZA ITALIA - BERLUSCONI PRESIDENTE (27.03.2018)","20180327",NA
"31","BALDINI MARIA TERESA","FRATELLI D'ITALIA (28.06.2019-06.08.2020)","20190628","20200806"
"32","BALDINI MARIA TERESA","CORAGGIO ITALIA (27.05.2021-23.12.2021)","20210527","20211223"
"33","BALDINI MARIA TERESA","MISTO (06.08.2020-18.08.2020)","20200806","20200818"
"34","BALDINI MARIA TERESA","FORZA ITALIA - BERLUSCONI PRESIDENTE (18.08.2020-27.05.2021)","20200818","20210527"
"35","BALDINI MARIA TERESA","ITALIA VIVA (23.12.2021)","20211223",NA
"36","BALDINO VITTORIA","MOVIMENTO 5 STELLE (27.03.2018)","20180327",NA
"37","BARATTO RAFFAELE","FORZA ITALIA - BERLUSCONI PRESIDENTE (27.03.2018-27.05.2021)","20180327","20210527"
"38","BARATTO RAFFAELE","CORAGGIO ITALIA (27.05.2021)","20210527",NA
"39","BARBUTO ELISABETTA MARIA","MOVIMENTO 5 STELLE (27.03.2018)","20180327",NA
"40","BARELLI PAOLO","FORZA ITALIA - BERLUSCONI PRESIDENTE (27.03.2018)","20180327",NA
"41","BARONI ANNA LISA","FORZA ITALIA - BERLUSCONI PRESIDENTE (27.03.2018)","20180327",NA
"42","BARONI MASSIMO ENRICO","MOVIMENTO 5 STELLE (27.03.2018-19.02.2021)","20180327","20210219"
"43","BARONI MASSIMO ENRICO","MISTO (19.02.2021)","20210219",NA
"44","BARTOLOZZI GIUSI","FORZA ITALIA - BERLUSCONI PRESIDENTE (27.03.2018-27.07.2021)","20180327","20210727"
"45","BARTOLOZZI GIUSI","MISTO (27.07.2021)","20210727",NA
"46","BARZOTTI VALENTINA","MOVIMENTO 5 STELLE (11.09.2018)","20180911",NA
"47","BASINI GIUSEPPE","LEGA - SALVINI PREMIER (27.03.2018)","20180327",NA
"48","BATTELLI SERGIO","MOVIMENTO 5 STELLE (27.03.2018)","20180327",NA
"49","BATTILOCCHIO ALESSANDRO","FORZA ITALIA - BERLUSCONI PRESIDENTE (27.03.2018)","20180327",NA
"50","BAZOLI ALFREDO","PARTITO DEMOCRATICO (27.03.2018)","20180327",NA
"51","BAZZARO ALEX","LEGA - SALVINI PREMIER (27.03.2018)","20180327",NA
"52","BELLA MARCO","MOVIMENTO 5 STELLE (27.03.2018)","20180327",NA
"53","BELLACHIOMA GIUSEPPE ERCOLE","LEGA - SALVINI PREMIER (27.03.2018)","20180327",NA
"54","BELLUCCI MARIA TERESA","FRATELLI D'ITALIA (27.03.2018)","20180327",NA
"55","BELOTTI DANIELE","LEGA - SALVINI PREMIER (27.03.2018)","20180327",NA
"56","BENAMATI GIANLUCA","PARTITO DEMOCRATICO (27.03.2018)","20180327",NA
"57","BENDINELLI DAVIDE","FORZA ITALIA - BERLUSCONI PRESIDENTE (27.03.2018-20.12.2019)","20180327","20191220"
"58","BENDINELLI DAVIDE","ITALIA VIVA (20.12.2019)","20191220",NA
"59","BENEDETTI SILVIA","MISTO (27.03.2018)","20180327",NA
"60","BENIGNI STEFANO","FORZA ITALIA - BERLUSCONI PRESIDENTE (27.03.2018-09.09.2019)","20180327","20190909"
"61","BENIGNI STEFANO","MISTO (09.09.2019)","20190909",NA
"62","BENVENUTO ALESSANDRO MANUEL","LEGA - SALVINI PREMIER (27.03.2018)","20180327",NA
"63","BERARDINI FABIO","MOVIMENTO 5 STELLE (27.03.2018-10.12.2020)","20180327","20201210"
"64","BERARDINI FABIO","MISTO (10.12.2020-27.05.2021)","20201210","20210527"
"65","BERARDINI FABIO","CORAGGIO ITALIA (27.05.2021)","20210527",NA
"66","BERGAMINI DEBORAH","FORZA ITALIA - BERLUSCONI PRESIDENTE (27.03.2018)","20180327",NA
"67","BERLINGHIERI MARINA","PARTITO DEMOCRATICO (27.03.2018)","20180327",NA
"68","BERSANI PIER LUIGI","MISTO (27.03.2018-10.04.2018)","20180327","20180410"
"69","BERSANI PIER LUIGI","LIBERI E UGUALI (10.04.2018)","20180410",NA
"70","BERTI FRANCESCO","MOVIMENTO 5 STELLE (27.03.2018)","20180327",NA
"71","BIANCHI MATTEO LUIGI","LEGA - SALVINI PREMIER (27.03.2018)","20180327",NA
"72","BIANCOFIORE MICHAELA","FORZA ITALIA - BERLUSCONI PRESIDENTE (27.03.2018-27.05.2021)","20180327","20210527"
"73","BIANCOFIORE MICHAELA","CORAGGIO ITALIA (27.05.2021)","20210527",NA
"74","BIGNAMI GALEAZZO","FORZA ITALIA - BERLUSCONI PRESIDENTE (27.03.2018-28.08.2019)","20180327","20190828"
"75","BIGNAMI GALEAZZO","FRATELLI D'ITALIA (29.08.2019)","20190829",NA
"76","BILLI SIMONE","LEGA - SALVINI PREMIER (27.03.2018)","20180327",NA
"77","BILOTTI ANNA","MOVIMENTO 5 STELLE (27.03.2018)","20180327",NA
"78","BINELLI DIEGO","LEGA - SALVINI PREMIER (27.03.2018)","20180327",NA
"79","BISA INGRID","LEGA - SALVINI PREMIER (27.03.2018)","20180327",NA
"80","BITONCI MASSIMO","LEGA - SALVINI PREMIER (27.03.2018)","20180327",NA
"81","BOCCIA FRANCESCO","PARTITO DEMOCRATICO (27.03.2018)","20180327",NA
"82","BOLDI ROSSANA LIDIA","LEGA - SALVINI PREMIER (27.03.2018)","20180327",NA
"83","BOLDRINI LAURA","MISTO (27.03.2018-10.04.2018)","20180327","20180410"
"84","BOLDRINI LAURA","LIBERI E UGUALI (10.04.2018-24.09.2019)","20180410","20190924"
"85","BOLDRINI LAURA","PARTITO DEMOCRATICO (24.09.2019)","20190924",NA
"86","BOLOGNA FABIOLA","MOVIMENTO 5 STELLE (27.03.2018-24.04.2020)","20180327","20200424"
"87","BOLOGNA FABIOLA","MISTO (24.04.2020-27.05.2021)","20200424","20210527"
"88","BOLOGNA FABIOLA","CORAGGIO ITALIA (27.05.2021)","20210527",NA
"89","BONAFEDE ALFONSO","MOVIMENTO 5 STELLE (27.03.2018)","20180327",NA
"90","BOND DARIO","FORZA ITALIA - BERLUSCONI PRESIDENTE (27.03.2018)","20180327",NA
"91","BONIARDI FABIO MASSIMO","LEGA - SALVINI PREMIER (27.03.2018)","20180327",NA
"92","BONOMO FRANCESCA","PARTITO DEMOCRATICO (27.03.2018)","20180327",NA
"93","BORDO MICHELE","PARTITO DEMOCRATICO (27.03.2018)","20180327",NA
"94","BORDONALI SIMONA","LEGA - SALVINI PREMIER (27.03.2018)","20180327",NA
"95","BORGHESE MARIO ALEJANDRO","MISTO (27.03.2018)","20180327",NA
"96","BORGHI CLAUDIO","LEGA - SALVINI PREMIER (27.03.2018)","20180327",NA
"97","BORGHI ENRICO","PARTITO DEMOCRATICO (27.03.2018)","20180327",NA
"98","BOSCHI MARIA ELENA","PARTITO DEMOCRATICO (27.03.2018-19.09.2019)","20180327","20190919"
"99","BOSCHI MARIA ELENA","ITALIA VIVA (19.09.2019)","20190919",NA
"100","BRAGA CHIARA","PARTITO DEMOCRATICO (27.03.2018)","20180327",NA
"101","BRAMBILLA MICHELA VITTORIA","FORZA ITALIA - BERLUSCONI PRESIDENTE (27.03.2018)","20180327",NA
"102","BRESCIA GIUSEPPE","MOVIMENTO 5 STELLE (27.03.2018)","20180327",NA
"103","BRUNETTA RENATO","FORZA ITALIA - BERLUSCONI PRESIDENTE (27.03.2018)","20180327",NA
"104","BRUNO BOSSIO VINCENZA","PARTITO DEMOCRATICO (27.03.2018)","20180327",NA
"105","BRUNO RAFFAELE","MOVIMENTO 5 STELLE (27.03.2018)","20180327",NA
"106","BUBISUTTI AURELIA","LEGA - SALVINI PREMIER (26.07.2018)","20180726",NA
"107","BUCALO CARMELA","FRATELLI D'ITALIA (27.03.2018)","20180327",NA
"108","BUFFAGNI STEFANO","MOVIMENTO 5 STELLE (27.03.2018)","20180327",NA
"109","BUOMPANE GIUSEPPE","MOVIMENTO 5 STELLE (27.03.2018)","20180327",NA
"110","BURATTI UMBERTO","PARTITO DEMOCRATICO (26.09.2018)","20180926",NA
"111","BUSINAROLO FRANCESCA","MOVIMENTO 5 STELLE (27.03.2018)","20180327",NA
"112","BUTTI ALESSIO","FRATELLI D'ITALIA (27.03.2018)","20180327",NA
"113","CABRAS PINO","MOVIMENTO 5 STELLE (27.03.2018-19.02.2021)","20180327","20210219"
"114","CABRAS PINO","MISTO (19.02.2021)","20210219",NA
"115","CADEDDU LUCIANO","MOVIMENTO 5 STELLE (27.03.2018)","20180327",NA
"116","CAFFARATTO GUALTIERO","LEGA - SALVINI PREMIER (27.03.2018)","20180327",NA
"117","CAIATA SALVATORE","MISTO (27.03.2018-14.05.2019)","20180327","20190514"
"118","CAIATA SALVATORE","FRATELLI D'ITALIA (14.05.2019)","20190514",NA
"119","CALABRIA ANNAGRAZIA","FORZA ITALIA - BERLUSCONI PRESIDENTE (27.03.2018)","20180327",NA
"120","CAMPANA MICAELA","PARTITO DEMOCRATICO (27.03.2018)","20180327",NA
"121","CANCELLERI AZZURRA PIA MARIA","MOVIMENTO 5 STELLE (27.03.2018)","20180327",NA
"122","CANNATELLI PASQUALE PIO GRAZIANO","FORZA ITALIA - BERLUSCONI PRESIDENTE (27.03.2018)","20180327",NA
"123","CANNIZZARO FRANCESCO","FORZA ITALIA - BERLUSCONI PRESIDENTE (27.03.2018)","20180327",NA
"124","CANTALAMESSA GIANLUCA","LEGA - SALVINI PREMIER (27.03.2018)","20180327",NA
"125","CANTINI LAURA","PARTITO DEMOCRATICO (27.03.2018)","20180327",NA
"126","CANTONE CARLA","PARTITO DEMOCRATICO (27.03.2018)","20180327",NA
"127","CANTONE LUCIANO","MOVIMENTO 5 STELLE (27.03.2018)","20180327",NA
"128","CAON ROBERTO","FORZA ITALIA - BERLUSCONI PRESIDENTE (27.03.2018)","20180327",NA
"129","CAPARVI VIRGINIO","LEGA - SALVINI PREMIER (27.03.2018)","20180327",NA
"130","CAPITANIO MASSIMILIANO","LEGA - SALVINI PREMIER (27.03.2018)","20180327",NA
"131","CAPPELLACCI UGO","FORZA ITALIA - BERLUSCONI PRESIDENTE (27.03.2018)","20180327",NA
"132","CAPPELLANI SANTI","MISTO (14.01.2020-19.02.2020)","20200114","20200219"
"133","CAPPELLANI SANTI","MOVIMENTO 5 STELLE (27.03.2018-14.01.2020)","20180327","20200114"
"134","CAPPELLANI SANTI","PARTITO DEMOCRATICO (19.02.2020)","20200219",NA
"135","CARABETTA LUCA","MOVIMENTO 5 STELLE (27.03.2018)","20180327",NA
"136","CARBONARO ALESSANDRA","MOVIMENTO 5 STELLE (27.03.2018)","20180327",NA
"137","CARDINALE DANIELA","PARTITO DEMOCRATICO (27.03.2018-13.06.2019)","20180327","20190613"
"138","CARDINALE DANIELA","MISTO (13.06.2019)","20190613",NA
"139","CARE' NICOLA","ITALIA VIVA (19.09.2019-30.09.2020)","20190919","20200930"
"140","CARE' NICOLA","PARTITO DEMOCRATICO (27.03.2018-19.09.2019)","20180327","20190919"
"141","CARE' NICOLA","PARTITO DEMOCRATICO (30.09.2020)","20200930",NA
"142","CARELLI EMILIO","MISTO (04.02.2021-08.06.2021)","20210204","20210608"
"143","CARELLI EMILIO","MOVIMENTO 5 STELLE (27.03.2018-04.02.2021)","20180327","20210204"
"144","CARELLI EMILIO","CORAGGIO ITALIA (08.06.2021)","20210608",NA
"145","CARETTA MARIA CRISTINA","FRATELLI D'ITALIA (27.03.2018)","20180327",NA
"146","CARFAGNA MARIA ROSARIA","FORZA ITALIA - BERLUSCONI PRESIDENTE (27.03.2018)","20180327",NA
"147","CARINELLI PAOLA","MOVIMENTO 5 STELLE (27.03.2018)","20180327",NA
"148","CARNEVALI ELENA","PARTITO DEMOCRATICO (27.03.2018)","20180327",NA
"149","CARRARA MAURIZIO","FORZA ITALIA - BERLUSCONI PRESIDENTE (27.03.2018-19.11.2020)","20180327","20201119"
"150","CARRARA MAURIZIO","LEGA - SALVINI PREMIER (19.11.2020)","20201119",NA
"151","CASA VITTORIA","MOVIMENTO 5 STELLE (27.03.2018)","20180327",NA
"152","CASCIELLO LUIGI","FORZA ITALIA - BERLUSCONI PRESIDENTE (27.03.2018)","20180327",NA
"153","CASINO MICHELE","FORZA ITALIA - BERLUSCONI PRESIDENTE (27.03.2018)","20180327",NA
"154","CASO ANDREA","MOVIMENTO 5 STELLE (27.03.2018)","20180327",NA
"155","CASSESE GIANPAOLO","MOVIMENTO 5 STELLE (27.03.2018)","20180327",NA
"156","CASSINELLI ROBERTO","FORZA ITALIA - BERLUSCONI PRESIDENTE (27.03.2018)","20180327",NA
"157","CASTELLI LAURA","MOVIMENTO 5 STELLE (27.03.2018)","20180327",NA
"158","CASTIELLO GIUSEPPINA","LEGA - SALVINI PREMIER (27.03.2018)","20180327",NA
"159","CASU ANDREA","PARTITO DEMOCRATICO (11.10.2021)","20211011",NA
"160","CATALDI ROBERTO","MOVIMENTO 5 STELLE (27.03.2018)","20180327",NA
"161","CATTANEO ALESSANDRO","FORZA ITALIA - BERLUSCONI PRESIDENTE (27.03.2018)","20180327",NA
"162","CATTOI MAURIZIO","MOVIMENTO 5 STELLE (27.03.2018)","20180327",NA
"163","CATTOI VANESSA","LEGA - SALVINI PREMIER (27.03.2018)","20180327",NA
"164","CAVANDOLI LAURA","LEGA - SALVINI PREMIER (27.03.2018)","20180327",NA
"165","CECCANTI STEFANO","PARTITO DEMOCRATICO (27.03.2018)","20180327",NA
"166","CECCHETTI FABRIZIO","LEGA - SALVINI PREMIER (27.03.2018)","20180327",NA
"167","CECCONI ANDREA","MISTO (27.03.2018)","20180327",NA
"168","CENNI SUSANNA","PARTITO DEMOCRATICO (27.03.2018)","20180327",NA
"169","CENTEMERO GIULIO","LEGA - SALVINI PREMIER (27.03.2018)","20180327",NA
"170","CESTARI EMANUELE","LEGA - SALVINI PREMIER (27.03.2018)","20180327",NA
"171","CHIAZZESE GIUSEPPE","MOVIMENTO 5 STELLE (27.03.2018)","20180327",NA
"172","CIABURRO MONICA","FRATELLI D'ITALIA (27.03.2018)","20180327",NA
"173","CIAGA' GRAZIELLA LEYLA","PARTITO DEMOCRATICO (14.04.2021)","20210414",NA
"174","CIAMPI LUCIA","PARTITO DEMOCRATICO (27.03.2018)","20180327",NA
"175","CILLIS LUCIANO","MOVIMENTO 5 STELLE (27.03.2018)","20180327",NA
"176","CIMINO ROSALBA","MOVIMENTO 5 STELLE (27.03.2018)","20180327",NA
"177","CIPRINI TIZIANA","MOVIMENTO 5 STELLE (27.03.2018)","20180327",NA
"178","CIRIELLI EDMONDO","FRATELLI D'ITALIA (27.03.2018)","20180327",NA
"179","COIN DIMITRI","LEGA - SALVINI PREMIER (27.03.2018)","20180327",NA
"180","COLANINNO MATTEO","PARTITO DEMOCRATICO (27.03.2018-19.09.2019)","20180327","20190919"
"181","COLANINNO MATTEO","ITALIA VIVA (19.09.2019)","20190919",NA
"182","COLLA JARI","LEGA - SALVINI PREMIER (27.03.2018)","20180327",NA
"183","COLLETTI ANDREA","MOVIMENTO 5 STELLE (27.03.2018-19.02.2021)","20180327","20210219"
"184","COLLETTI ANDREA","MISTO (19.02.2021)","20210219",NA
"185","COLMELLERE ANGELA","LEGA - SALVINI PREMIER (27.03.2018)","20180327",NA
"186","COLUCCI ALESSANDRO","MISTO (27.03.2018)","20180327",NA
"187","COMAROLI SILVANA ANDREINA","LEGA - SALVINI PREMIER (27.03.2018)","20180327",NA
"188","COMENCINI VITO","LEGA - SALVINI PREMIER (27.03.2018)","20180327",NA
"189","COMINARDI CLAUDIO","MOVIMENTO 5 STELLE (27.03.2018)","20180327",NA
"190","CONTE FEDERICO","MISTO (27.03.2018-10.04.2018)","20180327","20180410"
"191","CONTE FEDERICO","LIBERI E UGUALI (10.04.2018)","20180410",NA
"192","CORDA EMANUELA","MOVIMENTO 5 STELLE (27.03.2018-19.02.2021)","20180327","20210219"
"193","CORDA EMANUELA","MISTO (19.02.2021)","20210219",NA
"194","CORNELI VALENTINA","MOVIMENTO 5 STELLE (27.03.2018)","20180327",NA
"195","CORTELAZZO PIERGIORGIO","FORZA ITALIA - BERLUSCONI PRESIDENTE (27.03.2018)","20180327",NA
"196","COSTA ENRICO","MISTO (27.03.2018-18.04.2018)","20180327","20180418"
"197","COSTA ENRICO","FORZA ITALIA - BERLUSCONI PRESIDENTE (18.04.2018-04.08.2020)","20180418","20200804"
"198","COSTA ENRICO","MISTO (04.08.2020)","20200804",NA
"199","COSTANZO JESSICA","MOVIMENTO 5 STELLE (27.03.2018-19.02.2021)","20180327","20210219"
"200","COSTANZO JESSICA","MISTO (19.02.2021)","20210219",NA
"201","COVOLO SILVIA","LEGA - SALVINI PREMIER (27.03.2018)","20180327",NA
"202","CRIPPA ANDREA","LEGA - SALVINI PREMIER (27.03.2018)","20180327",NA
"203","CRIPPA DAVIDE","MOVIMENTO 5 STELLE (27.03.2018)","20180327",NA
"204","CRISTINA MIRELLA","FORZA ITALIA - BERLUSCONI PRESIDENTE (27.03.2018)","20180327",NA
"205","CRITELLI FRANCESCO","PARTITO DEMOCRATICO (27.03.2018)","20180327",NA
"206","CROSETTO GUIDO","FRATELLI D'ITALIA (27.03.2018-13.03.2019)","20180327","20190313"
"207","CUBEDDU SEBASTIANO","MOVIMENTO 5 STELLE (27.03.2018)","20180327",NA
"208","CUNIAL SARA","MOVIMENTO 5 STELLE (27.03.2018-17.04.2019)","20180327","20190417"
"209","CUNIAL SARA","MISTO (17.04.2019)","20190417",NA
"210","CURRO' GIOVANNI","MOVIMENTO 5 STELLE (27.03.2018)","20180327",NA
"211","D'ALESSANDRO CAMILLO","PARTITO DEMOCRATICO (27.03.2018-19.09.2019)","20180327","20190919"
"212","D'ALESSANDRO CAMILLO","ITALIA VIVA (19.09.2019)","20190919",NA
"213","D'AMBROSIO GIUSEPPE","MOVIMENTO 5 STELLE (27.03.2018-18.02.2021)","20180327","20210218"
"214","D'AMBROSIO GIUSEPPE","MISTO (18.02.2021)","20210218",NA
"215","D'ARRANDO CELESTE","MOVIMENTO 5 STELLE (27.03.2018)","20180327",NA
"216","D'ATTIS MAURO","FORZA ITALIA - BERLUSCONI PRESIDENTE (27.03.2018)","20180327",NA
"217","D'ELIA CECILIA","PARTITO DEMOCRATICO (19.01.2022)","20220119",NA
"218","D'ERAMO LUIGI","LEGA - SALVINI PREMIER (27.03.2018)","20180327",NA
"219","D'ETTORE FELICE MAURIZIO","FORZA ITALIA - BERLUSCONI PRESIDENTE (27.03.2018-27.05.2021)","20180327","20210527"
"220","D'ETTORE FELICE MAURIZIO","CORAGGIO ITALIA (27.05.2021)","20210527",NA
"221","D'INCA' FEDERICO","MOVIMENTO 5 STELLE (27.03.2018)","20180327",NA
"222","D'IPPOLITO GIUSEPPE","MOVIMENTO 5 STELLE (27.03.2018)","20180327",NA
"223","D'ORSO VALENTINA","MOVIMENTO 5 STELLE (27.03.2018)","20180327",NA
"224","D'UVA FRANCESCO","MOVIMENTO 5 STELLE (27.03.2018)","20180327",NA
"225","DADONE FABIANA","MOVIMENTO 5 STELLE (27.03.2018)","20180327",NA
"226","DAGA FEDERICA","MOVIMENTO 5 STELLE (27.03.2018)","20180327",NA
"227","DAL MORO GIAN PIETRO","PARTITO DEMOCRATICO (27.03.2018)","20180327",NA
"228","DALL'OSSO MATTEO","FORZA ITALIA - BERLUSCONI PRESIDENTE (07.12.2018-27.05.2021)","20181207","20210527"
"229","DALL'OSSO MATTEO","CORAGGIO ITALIA (27.05.2021-29.01.2022)","20210527","20220129"
"230","DALL'OSSO MATTEO","MOVIMENTO 5 STELLE (27.03.2018-07.12.2018)","20180327","20181207"
"231","DALL'OSSO MATTEO","FORZA ITALIA - BERLUSCONI PRESIDENTE (29.01.2022)","20220129",NA
"232","DARA ANDREA","LEGA - SALVINI PREMIER (27.03.2018)","20180327",NA
"233","DE ANGELIS SARA","LEGA - SALVINI PREMIER (27.03.2018)","20180327",NA
"234","DE CARLO LUCA","FRATELLI D'ITALIA (27.03.2018-05.08.2020)","20180327","20200805"
"235","DE CARLO SABRINA","MOVIMENTO 5 STELLE (27.03.2018)","20180327",NA
"236","DE FILIPPO VITO","PARTITO DEMOCRATICO (27.03.2018-19.09.2019)","20180327","20190919"
"237","DE FILIPPO VITO","ITALIA VIVA (19.09.2019-18.01.2021)","20190919","20210118"
"238","DE FILIPPO VITO","PARTITO DEMOCRATICO (18.01.2021)","20210118",NA
"239","DE GIORGI ROSALBA","MOVIMENTO 5 STELLE (27.03.2018-06.05.2020)","20180327","20200506"
"240","DE GIORGI ROSALBA","MISTO (06.05.2020)","20200506",NA
"241","DE GIROLAMO CARLO UGO","MOVIMENTO 5 STELLE (27.03.2018-10.12.2020)","20180327","20201210"
"242","DE GIROLAMO CARLO UGO","MISTO (10.12.2020-27.05.2021)","20201210","20210527"
"243","DE GIROLAMO CARLO UGO","CORAGGIO ITALIA (27.05.2021)","20210527",NA
"244","DE LORENZIS DIEGO","MOVIMENTO 5 STELLE (27.03.2018)","20180327",NA
"245","DE LORENZO RINA","MOVIMENTO 5 STELLE (27.03.2018-27.10.2020)","20180327","20201027"
"246","DE LORENZO RINA","LIBERI E UGUALI (27.10.2020)","20201027",NA
"247","DE LUCA PIERO","PARTITO DEMOCRATICO (27.03.2018)","20180327",NA
"248","DE MARIA ANDREA","PARTITO DEMOCRATICO (27.03.2018)","20180327",NA
"249","DE MARTINI GUIDO","LEGA - SALVINI PREMIER (27.03.2018)","20180327",NA
"250","DE MENECH ROGER","PARTITO DEMOCRATICO (27.03.2018)","20180327",NA
"251","DE MICHELI PAOLA","PARTITO DEMOCRATICO (27.03.2018)","20180327",NA
"252","DE TOMA MASSIMILIANO","MISTO (09.01.2020-19.03.2021)","20200109","20210319"
"253","DE TOMA MASSIMILIANO","MOVIMENTO 5 STELLE (27.03.2018-09.01.2020)","20180327","20200109"
"254","DE TOMA MASSIMILIANO","FRATELLI D'ITALIA (19.03.2021)","20210319",NA
"255","DEIANA PAOLA","MOVIMENTO 5 STELLE (27.03.2018)","20180327",NA
"256","DEIDDA SALVATORE","FRATELLI D'ITALIA (27.03.2018)","20180327",NA
"257","DEL BARBA MAURO","PARTITO DEMOCRATICO (27.03.2018-19.09.2019)","20180327","20190919"
"258","DEL BARBA MAURO","ITALIA VIVA (19.09.2019)","20190919",NA
"259","DEL BASSO DE CARO UMBERTO","PARTITO DEMOCRATICO (27.03.2018)","20180327",NA
"260","DEL GROSSO DANIELE","MOVIMENTO 5 STELLE (27.03.2018)","20180327",NA
"261","DEL MONACO ANTONIO","MOVIMENTO 5 STELLE (27.03.2018)","20180327",NA
"262","DEL RE EMANUELA CLAUDIA","MOVIMENTO 5 STELLE (27.03.2018-30.06.2021)","20180327","20210630"
"263","DEL SESTO MARGHERITA","MOVIMENTO 5 STELLE (27.03.2018)","20180327",NA
"264","DELLA FRERA GUIDO","MISTO (15.02.2021-27.05.2021)","20210215","20210527"
"265","DELLA FRERA GUIDO","FORZA ITALIA - BERLUSCONI PRESIDENTE (27.03.2018-15.02.2021)","20180327","20210215"
"266","DELLA FRERA GUIDO","CORAGGIO ITALIA (27.05.2021)","20210527",NA
"267","DELMASTRO DELLE VEDOVE ANDREA","FRATELLI D'ITALIA (27.03.2018)","20180327",NA
"268","DELRIO GRAZIANO","PARTITO DEMOCRATICO (27.03.2018)","20180327",NA
"269","DI GIORGI ROSA MARIA","PARTITO DEMOCRATICO (27.03.2018)","20180327",NA
"270","DI LAURO CARMELA","MOVIMENTO 5 STELLE (27.03.2018)","20180327",NA
"271","DI MAIO LUIGI","MOVIMENTO 5 STELLE (27.03.2018)","20180327",NA
"272","DI MAIO MARCO","PARTITO DEMOCRATICO (27.03.2018-19.09.2019)","20180327","20190919"
"273","DI MAIO MARCO","ITALIA VIVA (19.09.2019)","20190919",NA
"274","DI MURO FLAVIO","LEGA - SALVINI PREMIER (27.03.2018)","20180327",NA
"275","DI SAN MARTINO LORENZATO DI IVREA LUIS ROBERTO","LEGA - SALVINI PREMIER (27.03.2018)","20180327",NA
"276","DI SARNO GIANFRANCO","MOVIMENTO 5 STELLE (27.03.2018)","20180327",NA
"277","DI STASIO IOLANDA","MOVIMENTO 5 STELLE (27.03.2018)","20180327",NA
"278","DI STEFANO MANLIO","MOVIMENTO 5 STELLE (27.03.2018)","20180327",NA
"279","DIENI FEDERICA","MOVIMENTO 5 STELLE (27.03.2018)","20180327",NA
"280","DONINA GIUSEPPE CESARE","LEGA - SALVINI PREMIER (27.03.2018)","20180327",NA
"281","DONNO LEONARDO","MOVIMENTO 5 STELLE (27.03.2018)","20180327",NA
"282","DONZELLI GIOVANNI","FRATELLI D'ITALIA (27.03.2018)","20180327",NA
"283","DORI DEVIS","MOVIMENTO 5 STELLE (27.03.2018-09.07.2021)","20180327","20210709"
"284","DORI DEVIS","LIBERI E UGUALI (09.07.2021-10.02.2022)","20210709","20220210"
"285","DORI DEVIS","MISTO (10.02.2022)","20220210",NA
"286","DURIGON CLAUDIO","LEGA - SALVINI PREMIER (27.03.2018)","20180327",NA
"287","EHM YANA CHIARA","MOVIMENTO 5 STELLE (27.03.2018-02.03.2021)","20180327","20210302"
"288","EHM YANA CHIARA","MISTO (02.03.2021)","20210302",NA
"289","EMILIOZZI MIRELLA","MOVIMENTO 5 STELLE (27.03.2018)","20180327",NA
"290","EPIFANI ETTORE GUGLIELMO","LIBERI E UGUALI (10.04.2018-07.06.2021)","20180410","20210607"
"291","EPIFANI ETTORE GUGLIELMO","MISTO (27.03.2018-10.04.2018)","20180327","20180410"
"292","ERMELLINO ALESSANDRA","MOVIMENTO 5 STELLE (27.03.2018-22.06.2020)","20180327","20200622"
"293","ERMELLINO ALESSANDRA","MISTO (22.06.2020)","20200622",NA
"294","ERMINI DAVID","PARTITO DEMOCRATICO (27.03.2018-25.09.2018)","20180327","20180925"
"295","FANTINATI MATTIA","MOVIMENTO 5 STELLE (27.03.2018)","20180327",NA
"296","FANTUZ MARICA","LEGA - SALVINI PREMIER (27.03.2018)","20180327",NA
"297","FARO MARIALUISA","MOVIMENTO 5 STELLE (27.03.2018)","20180327",NA
"298","FASANO VINCENZO","FORZA ITALIA - BERLUSCONI PRESIDENTE (27.03.2018-23.01.2022)","20180327","20220123"
"299","FASCINA MARTA ANTONIA","FORZA ITALIA - BERLUSCONI PRESIDENTE (27.03.2018)","20180327",NA
"300","FASSINA STEFANO","MISTO (27.03.2018-10.04.2018)","20180327","20180410"
"301","FASSINA STEFANO","LIBERI E UGUALI (10.04.2018)","20180410",NA
"302","FASSINO PIERO FRANCO","PARTITO DEMOCRATICO (27.03.2018)","20180327",NA
"303","FATUZZO CARLO","FORZA ITALIA - BERLUSCONI PRESIDENTE (27.03.2018)","20180327",NA
"304","FEDERICO ANTONIO","MOVIMENTO 5 STELLE (27.03.2018)","20180327",NA
"305","FEDRIGA MASSIMILIANO","LEGA - SALVINI PREMIER (27.03.2018-08.05.2018)","20180327","20180508"
"306","FERRAIOLI MARZIA","FORZA ITALIA - BERLUSCONI PRESIDENTE (27.03.2018)","20180327",NA
"307","FERRARESI VITTORIO","MOVIMENTO 5 STELLE (27.03.2018)","20180327",NA
"308","FERRARI ROBERTO PAOLO","LEGA - SALVINI PREMIER (27.03.2018)","20180327",NA
"309","FERRI COSIMO MARIA","PARTITO DEMOCRATICO (27.03.2018-19.09.2019)","20180327","20190919"
"310","FERRI COSIMO MARIA","ITALIA VIVA (19.09.2019)","20190919",NA
"311","FERRO WANDA","FRATELLI D'ITALIA (27.03.2018)","20180327",NA
"312","FIANO EMANUELE","PARTITO DEMOCRATICO (27.03.2018)","20180327",NA
"313","FICARA PAOLO","MOVIMENTO 5 STELLE (27.03.2018)","20180327",NA
"314","FICO ROBERTO","MOVIMENTO 5 STELLE (27.03.2018)","20180327",NA
"315","FIDANZA CARLO","FRATELLI D'ITALIA (27.03.2018-27.06.2019)","20180327","20190627"
"316","FIORAMONTI LORENZO","MOVIMENTO 5 STELLE (27.03.2018-07.01.2020)","20180327","20200107"
"317","FIORAMONTI LORENZO","MISTO (07.01.2020)","20200107",NA
"318","FIORINI BENEDETTA","FORZA ITALIA - BERLUSCONI PRESIDENTE (27.03.2018-05.08.2020)","20180327","20200805"
"319","FIORINI BENEDETTA","LEGA - SALVINI PREMIER (05.08.2020)","20200805",NA
"320","FLATI FRANCESCA","MOVIMENTO 5 STELLE (27.03.2018)","20180327",NA
"321","FOGLIANI KETTY","LEGA - SALVINI PREMIER (27.03.2018)","20180327",NA
"322","FONTANA GREGORIO","FORZA ITALIA - BERLUSCONI PRESIDENTE (27.03.2018)","20180327",NA
"323","FONTANA ILARIA","MOVIMENTO 5 STELLE (27.03.2018)","20180327",NA
"324","FONTANA LORENZO","LEGA - SALVINI PREMIER (27.03.2018)","20180327",NA
"325","FORCINITI FRANCESCO","MOVIMENTO 5 STELLE (27.03.2018-19.02.2021)","20180327","20210219"
"326","FORCINITI FRANCESCO","MISTO (19.02.2021)","20210219",NA
"327","FORMENTINI PAOLO","LEGA - SALVINI PREMIER (27.03.2018)","20180327",NA
"328","FORNARO FEDERICO","MISTO (27.03.2018-10.04.2018)","20180327","20180410"
"329","FORNARO FEDERICO","LIBERI E UGUALI (10.04.2018)","20180410",NA
"330","FOSCOLO SARA","LEGA - SALVINI PREMIER (27.03.2018)","20180327",NA
"331","FOTI TOMMASO","FRATELLI D'ITALIA (27.03.2018)","20180327",NA
"332","FRACCARO RICCARDO","MOVIMENTO 5 STELLE (27.03.2018)","20180327",NA
"333","FRAGOMELI GIAN MARIO","PARTITO DEMOCRATICO (27.03.2018)","20180327",NA
"334","FRAILIS ANDREA","PARTITO DEMOCRATICO (24.01.2019)","20190124",NA
"335","FRANCESCHINI DARIO","PARTITO DEMOCRATICO (27.03.2018)","20180327",NA
"336","FRASSINETTI PAOLA","FRATELLI D'ITALIA (27.03.2018)","20180327",NA
"337","FRASSINI REBECCA","LEGA - SALVINI PREMIER (27.03.2018)","20180327",NA
"338","FRATE FLORA","MOVIMENTO 5 STELLE (27.03.2018-04.02.2020)","20180327","20200204"
"339","FRATE FLORA","MISTO (04.02.2020-23.12.2021)","20200204","20211223"
"340","FRATE FLORA","ITALIA VIVA (23.12.2021)","20211223",NA
"341","FRATOIANNI NICOLA","MISTO (27.03.2018-10.04.2018)","20180327","20180410"
"342","FRATOIANNI NICOLA","LIBERI E UGUALI (10.04.2018)","20180410",NA
"343","FREGOLENT SILVIA","PARTITO DEMOCRATICO (27.03.2018-19.09.2019)","20180327","20190919"
"344","FREGOLENT SILVIA","ITALIA VIVA (19.09.2019)","20190919",NA
"345","FRUSONE LUCA","MOVIMENTO 5 STELLE (27.03.2018)","20180327",NA
"346","FUGATTI MAURIZIO","LEGA - SALVINI PREMIER (27.03.2018-09.01.2019)","20180327","20190109"
"347","FURGIUELE DOMENICO","LEGA - SALVINI PREMIER (27.03.2018)","20180327",NA
"348","FUSACCHIA ALESSANDRO","MISTO (27.03.2018)","20180327",NA
"349","GADDA MARIA CHIARA","PARTITO DEMOCRATICO (27.03.2018-19.09.2019)","20180327","20190919"
"350","GADDA MARIA CHIARA","ITALIA VIVA (19.09.2019)","20190919",NA
"351","GAGLIARDI MANUELA","MISTO (09.09.2019-27.05.2021)","20190909","20210527"
"352","GAGLIARDI MANUELA","FORZA ITALIA - BERLUSCONI PRESIDENTE (27.03.2018-09.09.2019)","20180327","20190909"
"353","GAGLIARDI MANUELA","CORAGGIO ITALIA (27.05.2021)","20210527",NA
"354","GAGNARLI CHIARA","MOVIMENTO 5 STELLE (27.03.2018)","20180327",NA
"355","GALANTINO DAVIDE","MOVIMENTO 5 STELLE (27.03.2018-10.07.2019)","20180327","20190710"
"356","GALANTINO DAVIDE","MISTO (10.07.2019-08.10.2019)","20190710","20191008"
"357","GALANTINO DAVIDE","FRATELLI D'ITALIA (08.10.2019)","20191008",NA
"358","GALIZIA FRANCESCA","MOVIMENTO 5 STELLE (27.03.2018)","20180327",NA
"359","GALLI DARIO","LEGA - SALVINI PREMIER (27.03.2018)","20180327",NA
"360","GALLINELLA FILIPPO","MOVIMENTO 5 STELLE (27.03.2018)","20180327",NA
"361","GALLO LUIGI","MOVIMENTO 5 STELLE (27.03.2018)","20180327",NA
"362","GARAVAGLIA MASSIMO","LEGA - SALVINI PREMIER (27.03.2018)","20180327",NA
"363","GARIGLIO DAVIDE","PARTITO DEMOCRATICO (27.03.2018)","20180327",NA
"364","GASTALDI FLAVIO","LEGA - SALVINI PREMIER (27.03.2018)","20180327",NA
"365","GAVA VANNIA","LEGA - SALVINI PREMIER (27.03.2018)","20180327",NA
"366","GEBHARD RENATE","MISTO (27.03.2018)","20180327",NA
"367","GELMINI MARIASTELLA","FORZA ITALIA - BERLUSCONI PRESIDENTE (27.03.2018)","20180327",NA
"368","GEMMATO MARCELLO","FRATELLI D'ITALIA (27.03.2018)","20180327",NA
"369","GENTILE ANDREA","FORZA ITALIA - BERLUSCONI PRESIDENTE (04.11.2021)","20211104",NA
"370","GENTILONI SILVERI PAOLO","PARTITO DEMOCRATICO (27.03.2018-02.12.2019)","20180327","20191202"
"371","GERARDI FRANCESCA","LEGA - SALVINI PREMIER (27.03.2018)","20180327",NA
"372","GERMANA' ANTONINO SALVATORE","FORZA ITALIA - BERLUSCONI PRESIDENTE (27.03.2018-22.05.2020)","20180327","20200522"
"373","GERMANA' ANTONINO SALVATORE","MISTO (22.05.2020-08.04.2021)","20200522","20210408"
"374","GERMANA' ANTONINO SALVATORE","LEGA - SALVINI PREMIER (08.04.2021)","20210408",NA
"375","GIACCONE ANDREA","LEGA - SALVINI PREMIER (27.03.2018)","20180327",NA
"376","GIACHETTI ROBERTO","PARTITO DEMOCRATICO (27.03.2018-19.09.2019)","20180327","20190919"
"377","GIACHETTI ROBERTO","ITALIA VIVA (19.09.2019)","20190919",NA
"378","GIACOMELLI ANTONELLO","PARTITO DEMOCRATICO (27.03.2018-30.09.2020)","20180327","20200930"
"379","GIACOMETTI ANTONIETTA","LEGA - SALVINI PREMIER (27.03.2018)","20180327",NA
"380","GIACOMETTO CARLUCCIO","FORZA ITALIA - BERLUSCONI PRESIDENTE (27.03.2018)","20180327",NA
"381","GIACOMONI SESTINO","FORZA ITALIA - BERLUSCONI PRESIDENTE (27.03.2018)","20180327",NA
"382","GIANNETTA DOMENICO","FORZA ITALIA - BERLUSCONI PRESIDENTE (02.04.2020-07.05.2020)","20200402","20200507"
"383","GIANNONE VERONICA","MISTO (01.07.2019-20.01.2021)","20190701","20210120"
"384","GIANNONE VERONICA","MOVIMENTO 5 STELLE (27.03.2018-01.07.2019)","20180327","20190701"
"385","GIANNONE VERONICA","FORZA ITALIA - BERLUSCONI PRESIDENTE (20.01.2021)","20210120",NA
"386","GIARRIZZO ANDREA","MOVIMENTO 5 STELLE (27.03.2018)","20180327",NA
"387","GIGLIO VIGNA ALESSANDRO","LEGA - SALVINI PREMIER (27.03.2018)","20180327",NA
"388","GIORDANO CONCETTA","MOVIMENTO 5 STELLE (27.03.2018)","20180327",NA
"389","GIORGETTI GIANCARLO","LEGA - SALVINI PREMIER (27.03.2018)","20180327",NA
"390","GIORGIS ANDREA","PARTITO DEMOCRATICO (27.03.2018)","20180327",NA
"391","GIULIANO CARLA","MOVIMENTO 5 STELLE (27.03.2018)","20180327",NA
"392","GIULIODORI PAOLO","MOVIMENTO 5 STELLE (27.03.2018-19.02.2021)","20180327","20210219"
"393","GIULIODORI PAOLO","MISTO (19.02.2021)","20210219",NA
"394","GOBBATO CLAUDIA","LEGA - SALVINI PREMIER (27.03.2018)","20180327",NA
"395","GOLINELLI GUGLIELMO","LEGA - SALVINI PREMIER (27.03.2018)","20180327",NA
"396","GRANDE MARTA","MOVIMENTO 5 STELLE (27.03.2018)","20180327",NA
"397","GRIBAUDO CHIARA","PARTITO DEMOCRATICO (27.03.2018)","20180327",NA
"398","GRILLO GIULIA","MOVIMENTO 5 STELLE (27.03.2018)","20180327",NA
"399","GRIMALDI NICOLA","MOVIMENTO 5 STELLE (27.03.2018)","20180327",NA
"400","GRIMOLDI PAOLO","LEGA - SALVINI PREMIER (27.03.2018)","20180327",NA
"401","GRIPPA CARMELA","MOVIMENTO 5 STELLE (27.03.2018)","20180327",NA
"402","GUALTIERI ROBERTO","PARTITO DEMOCRATICO (04.03.2020-04.11.2021)","20200304","20211104"
"403","GUBITOSA MICHELE","MOVIMENTO 5 STELLE (27.03.2018)","20180327",NA
"404","GUERINI LORENZO","PARTITO DEMOCRATICO (27.03.2018)","20180327",NA
"405","GUIDESI GUIDO","LEGA - SALVINI PREMIER (27.03.2018-17.02.2021)","20180327","20210217"
"406","GUSMEROLI ALBERTO LUIGI","LEGA - SALVINI PREMIER (27.03.2018)","20180327",NA
"407","IANARO ANGELA","MOVIMENTO 5 STELLE (27.03.2018)","20180327",NA
"408","IEZZI IGOR GIANCARLO","LEGA - SALVINI PREMIER (27.03.2018)","20180327",NA
"409","INCERTI ANTONELLA","PARTITO DEMOCRATICO (27.03.2018)","20180327",NA
"410","INVERNIZZI CRISTIAN","LEGA - SALVINI PREMIER (27.03.2018)","20180327",NA
"411","INVIDIA NICCOLO'","MOVIMENTO 5 STELLE (27.03.2018)","20180327",NA
"412","IORIO MARIANNA","MOVIMENTO 5 STELLE (27.03.2018)","20180327",NA
"413","IOVINO LUIGI","MOVIMENTO 5 STELLE (27.03.2018)","20180327",NA
"414","L'ABBATE GIUSEPPE","MOVIMENTO 5 STELLE (27.03.2018)","20180327",NA
"415","LA MARCA FRANCESCA","PARTITO DEMOCRATICO (27.03.2018)","20180327",NA
"416","LABRIOLA VINCENZA","FORZA ITALIA - BERLUSCONI PRESIDENTE (27.03.2018)","20180327",NA
"417","LACARRA MARCO","PARTITO DEMOCRATICO (27.03.2018)","20180327",NA
"418","LAPIA MARA","MOVIMENTO 5 STELLE (27.03.2018-10.12.2020)","20180327","20201210"
"419","LAPIA MARA","MISTO (10.12.2020)","20201210",NA
"420","LATINI GIORGIA","LEGA - SALVINI PREMIER (27.03.2018-10.11.2020)","20180327","20201110"
"421","LATTANZIO PAOLO","MISTO (07.08.2020-10.12.2020)","20200807","20201210"
"422","LATTANZIO PAOLO","MOVIMENTO 5 STELLE (27.03.2018-07.08.2020)","20180327","20200807"
"423","LATTANZIO PAOLO","PARTITO DEMOCRATICO (10.12.2020)","20201210",NA
"424","LAZZARINI ARIANNA","LEGA - SALVINI PREMIER (27.03.2018)","20180327",NA
"425","LEGNAIOLI DONATELLA","LEGA - SALVINI PREMIER (27.03.2018)","20180327",NA
"426","LEPRI STEFANO","PARTITO DEMOCRATICO (27.03.2018)","20180327",NA
"427","LETTA ENRICO","PARTITO DEMOCRATICO (06.10.2021)","20211006",NA
"428","LIBRANDI GIANFRANCO","PARTITO DEMOCRATICO (27.03.2018-19.09.2019)","20180327","20190919"
"429","LIBRANDI GIANFRANCO","ITALIA VIVA (19.09.2019)","20190919",NA
"430","LICATINI CATERINA","MOVIMENTO 5 STELLE (27.03.2018)","20180327",NA
"431","LIUNI MARZIO","LEGA - SALVINI PREMIER (27.03.2018)","20180327",NA
"432","LIUZZI MIRELLA","MOVIMENTO 5 STELLE (27.03.2018)","20180327",NA
"433","LO MONTE CARMELO","LEGA - SALVINI PREMIER (27.03.2018-09.09.2019)","20180327","20190909"
"434","LO MONTE CARMELO","MISTO (09.09.2019)","20190909",NA
"435","LOCATELLI ALESSANDRA","LEGA - SALVINI PREMIER (27.03.2018-17.02.2021)","20180327","20210217"
"436","LOLINI MARIO","LEGA - SALVINI PREMIER (27.03.2018)","20180327",NA
"437","LOLLOBRIGIDA FRANCESCO","FRATELLI D'ITALIA (27.03.2018)","20180327",NA
"438","LOMBARDO ANTONIO","MOVIMENTO 5 STELLE (27.03.2018-10.12.2020)","20180327","20201210"
"439","LOMBARDO ANTONIO","MISTO (10.12.2020)","20201210",NA
"440","LONGO FAUSTO GUILHERME","MISTO (27.03.2018)","20180327",NA
"441","LOREFICE MARIALUCIA","MOVIMENTO 5 STELLE (27.03.2018)","20180327",NA
"442","LORENZIN BEATRICE","MISTO (27.03.2018-23.09.2019)","20180327","20190923"
"443","LORENZIN BEATRICE","PARTITO DEMOCRATICO (23.09.2019)","20190923",NA
"444","LORENZONI EVA","LEGA - SALVINI PREMIER (27.03.2018)","20180327",NA
"445","LORENZONI GABRIELE","MOVIMENTO 5 STELLE (27.03.2018)","20180327",NA
"446","LOSACCO ALBERTO","PARTITO DEMOCRATICO (27.03.2018)","20180327",NA
"447","LOSS MARTINA","LEGA - SALVINI PREMIER (31.05.2019)","20190531",NA
"448","LOTTI LUCA","PARTITO DEMOCRATICO (27.03.2018)","20180327",NA
"449","LOVECCHIO GIORGIO","MOVIMENTO 5 STELLE (27.03.2018)","20180327",NA
"450","LUCASELLI YLENJA","FRATELLI D'ITALIA (27.03.2018)","20180327",NA
"451","LUCCHINI ELENA","LEGA - SALVINI PREMIER (27.03.2018)","20180327",NA
"452","LUCENTINI MAURO","LEGA - SALVINI PREMIER (11.11.2020)","20201111",NA
"453","LUPI MAURIZIO ENZO","MISTO (27.03.2018)","20180327",NA
"454","MACCANTI ELENA","LEGA - SALVINI PREMIER (27.03.2018)","20180327",NA
"455","MACINA ANNA","MOVIMENTO 5 STELLE (27.03.2018)","20180327",NA
"456","MADIA MARIA ANNA","PARTITO DEMOCRATICO (27.03.2018)","20180327",NA
"457","MAGGIONI MARCO","LEGA - SALVINI PREMIER (27.03.2018)","20180327",NA
"458","MAGI RICCARDO","MISTO (27.03.2018)","20180327",NA
"459","MAGLIONE PASQUALE","MOVIMENTO 5 STELLE (27.03.2018)","20180327",NA
"460","MAMMI' STEFANIA","MOVIMENTO 5 STELLE (27.03.2018)","20180327",NA
"461","MANCA ALBERTO","MOVIMENTO 5 STELLE (27.03.2018)","20180327",NA
"462","MANCA GAVINO","PARTITO DEMOCRATICO (27.03.2018)","20180327",NA
"463","MANCINI CLAUDIO","PARTITO DEMOCRATICO (27.03.2018)","20180327",NA
"464","MANDELLI ANDREA","FORZA ITALIA - BERLUSCONI PRESIDENTE (27.03.2018)","20180327",NA
"465","MANIERO ALVISE","MOVIMENTO 5 STELLE (27.03.2018-19.02.2021)","20180327","20210219"
"466","MANIERO ALVISE","MISTO (19.02.2021)","20210219",NA
"467","MANTOVANI LUCREZIA MARIA BENEDETTA","FRATELLI D'ITALIA (15.03.2019)","20190315",NA
"468","MANZATO FRANCO","LEGA - SALVINI PREMIER (27.03.2018)","20180327",NA
"469","MANZO TERESA","MOVIMENTO 5 STELLE (27.03.2018)","20180327",NA
"470","MARAIA GENEROSO","MOVIMENTO 5 STELLE (27.03.2018)","20180327",NA
"471","MARATTIN LUIGI","PARTITO DEMOCRATICO (27.03.2018-19.09.2019)","20180327","20190919"
"472","MARATTIN LUIGI","ITALIA VIVA (19.09.2019)","20190919",NA
"473","MARCHETTI RICCARDO AUGUSTO","LEGA - SALVINI PREMIER (27.03.2018)","20180327",NA
"474","MARIANI FELICE","MOVIMENTO 5 STELLE (27.03.2018-21.04.2021)","20180327","20210421"
"475","MARIANI FELICE","LEGA - SALVINI PREMIER (21.04.2021)","20210421",NA
"476","MARIN MARCO","FORZA ITALIA - BERLUSCONI PRESIDENTE (27.03.2018-27.05.2021)","20180327","20210527"
"477","MARIN MARCO","CORAGGIO ITALIA (27.05.2021)","20210527",NA
"478","MARINO BERNARDO","MOVIMENTO 5 STELLE (27.03.2018-20.01.2022)","20180327","20220120"
"479","MARINO BERNARDO","MISTO (20.01.2022)","20220120",NA
"480","MARROCCO PATRIZIA","FORZA ITALIA - BERLUSCONI PRESIDENTE (27.03.2018)","20180327",NA
"481","MARTINA MAURIZIO","PARTITO DEMOCRATICO (27.03.2018-20.01.2021)","20180327","20210120"
"482","MARTINCIGLIO VITA","MOVIMENTO 5 STELLE (27.03.2018)","20180327",NA
"483","MARTINO ANTONIO","FORZA ITALIA - BERLUSCONI PRESIDENTE (27.03.2018)","20180327",NA
"484","MARZANA MARIA","MOVIMENTO 5 STELLE (27.03.2018)","20180327",NA
"485","MASCHIO CIRO","FRATELLI D'ITALIA (27.03.2018)","20180327",NA
"486","MASI ANGELA","MOVIMENTO 5 STELLE (27.03.2018)","20180327",NA
"487","MATURI FILIPPO","LEGA - SALVINI PREMIER (27.03.2018)","20180327",NA
"488","MAURI MATTEO","PARTITO DEMOCRATICO (27.03.2018)","20180327",NA
"489","MAZZETTI ERICA","FORZA ITALIA - BERLUSCONI PRESIDENTE (27.03.2018)","20180327",NA
"490","MELICCHIO ALESSANDRO","MOVIMENTO 5 STELLE (27.03.2018)","20180327",NA
"491","MELILLI FABIO","PARTITO DEMOCRATICO (27.03.2018)","20180327",NA
"492","MELONI GIORGIA","FRATELLI D'ITALIA (27.03.2018)","20180327",NA
"493","MENGA ROSA","MOVIMENTO 5 STELLE (27.03.2018-19.02.2021)","20180327","20210219"
"494","MENGA ROSA","MISTO (19.02.2021)","20210219",NA
"495","MICELI CARMELO","PARTITO DEMOCRATICO (27.03.2018)","20180327",NA
"496","MICHELI MATTEO","LEGA - SALVINI PREMIER (17.02.2021)","20210217",NA
"497","MICILLO SALVATORE","MOVIMENTO 5 STELLE (27.03.2018)","20180327",NA
"498","MIGLIORE GENNARO","PARTITO DEMOCRATICO (27.03.2018-19.09.2019)","20180327","20190919"
"499","MIGLIORE GENNARO","ITALIA VIVA (19.09.2019)","20190919",NA
"500","MIGLIORINO LUCA","MOVIMENTO 5 STELLE (27.03.2018)","20180327",NA
"501","MILANATO LORENA","FORZA ITALIA - BERLUSCONI PRESIDENTE (27.03.2018)","20180327",NA
"502","MINARDO ANTONINO","FORZA ITALIA - BERLUSCONI PRESIDENTE (27.03.2018-03.12.2019)","20180327","20191203"
"503","MINARDO ANTONINO","LEGA - SALVINI PREMIER (03.12.2019)","20191203",NA
"504","MINNITI DOMENICO","PARTITO DEMOCRATICO (27.03.2018-11.03.2021)","20180327","20210311"
"505","MISITI CARMELO MASSIMO","MOVIMENTO 5 STELLE (27.03.2018)","20180327",NA
"506","MOLINARI RICCARDO","LEGA - SALVINI PREMIER (27.03.2018)","20180327",NA
"507","MOLLICONE FEDERICO","FRATELLI D'ITALIA (27.03.2018)","20180327",NA
"508","MOLTENI NICOLA","LEGA - SALVINI PREMIER (27.03.2018)","20180327",NA
"509","MONTARULI AUGUSTA","FRATELLI D'ITALIA (27.03.2018)","20180327",NA
"510","MOR MATTIA","PARTITO DEMOCRATICO (27.03.2018-19.09.2019)","20180327","20190919"
"511","MOR MATTIA","ITALIA VIVA (19.09.2019)","20190919",NA
"512","MORANI ALESSIA","PARTITO DEMOCRATICO (27.03.2018)","20180327",NA
"513","MORASSUT ROBERTO","PARTITO DEMOCRATICO (27.03.2018)","20180327",NA
"514","MORELLI ALESSANDRO","LEGA - SALVINI PREMIER (27.03.2018)","20180327",NA
"515","MORETTO SARA","PARTITO DEMOCRATICO (27.03.2018-19.09.2019)","20180327","20190919"
"516","MORETTO SARA","ITALIA VIVA (19.09.2019)","20190919",NA
"517","MORGONI MARIO","PARTITO DEMOCRATICO (27.03.2018)","20180327",NA
"518","MORRONE JACOPO","LEGA - SALVINI PREMIER (27.03.2018)","20180327",NA
"519","MOSCHIONI DANIELE","LEGA - SALVINI PREMIER (27.03.2018)","20180327",NA
"520","MUGNAI STEFANO","FORZA ITALIA - BERLUSCONI PRESIDENTE (27.03.2018-27.05.2021)","20180327","20210527"
"521","MUGNAI STEFANO","CORAGGIO ITALIA (27.05.2021)","20210527",NA
"522","MULE' GIORGIO","FORZA ITALIA - BERLUSCONI PRESIDENTE (27.03.2018)","20180327",NA
"523","MURA ANDREA","MOVIMENTO 5 STELLE (27.03.2018-25.07.2018)","20180327","20180725"
"524","MURA ANDREA","MISTO (26.07.2018-27.09.2018)","20180726","20180927"
"525","MURA ROMINA","PARTITO DEMOCRATICO (27.03.2018)","20180327",NA
"526","MURELLI ELENA","LEGA - SALVINI PREMIER (27.03.2018)","20180327",NA
"527","MURONI ROSSELLA","MISTO (27.03.2018-10.04.2018)","20180327","20180410"
"528","MURONI ROSSELLA","LIBERI E UGUALI (10.04.2018-03.03.2021)","20180410","20210303"
"529","MURONI ROSSELLA","MISTO (03.03.2021)","20210303",NA
"530","MUSELLA GRAZIANO","FORZA ITALIA - BERLUSCONI PRESIDENTE (27.03.2018)","20180327",NA
"531","NANNI IOLANDA","MOVIMENTO 5 STELLE (27.03.2018-27.08.2018)","20180327","20180827"
"532","NAPOLI OSVALDO","MISTO (15.02.2021-27.05.2021)","20210215","20210527"
"533","NAPOLI OSVALDO","FORZA ITALIA - BERLUSCONI PRESIDENTE (27.03.2018-15.02.2021)","20180327","20210215"
"534","NAPOLI OSVALDO","CORAGGIO ITALIA (27.05.2021)","20210527",NA
"535","NAPPI SILVANA","MOVIMENTO 5 STELLE (27.03.2018)","20180327",NA
"536","NARDI MARTINA","PARTITO DEMOCRATICO (27.03.2018)","20180327",NA
"537","NAVARRA PIETRO","PARTITO DEMOCRATICO (27.03.2018)","20180327",NA
"538","NESCI DALILA","MOVIMENTO 5 STELLE (27.03.2018)","20180327",NA
"539","NEVI RAFFAELE","FORZA ITALIA - BERLUSCONI PRESIDENTE (27.03.2018)","20180327",NA
"540","NISSOLI ANGELA","FORZA ITALIA - BERLUSCONI PRESIDENTE (27.03.2018)","20180327",NA
"541","NITTI MICHELE","MOVIMENTO 5 STELLE (27.03.2018-21.01.2020)","20180327","20200121"
"542","NITTI MICHELE","MISTO (21.01.2020-10.12.2020)","20200121","20201210"
"543","NITTI MICHELE","PARTITO DEMOCRATICO (10.12.2020)","20201210",NA
"544","NOBILI LUCIANO","PARTITO DEMOCRATICO (27.03.2018-19.09.2019)","20180327","20190919"
"545","NOBILI LUCIANO","ITALIA VIVA (19.09.2019)","20190919",NA
"546","NOJA LISA","PARTITO DEMOCRATICO (27.03.2018-19.09.2019)","20180327","20190919"
"547","NOJA LISA","ITALIA VIVA (19.09.2019)","20190919",NA
"548","NOVELLI ROBERTO","FORZA ITALIA - BERLUSCONI PRESIDENTE (27.03.2018)","20180327",NA
"549","OCCHIONERO GIUSEPPINA","LIBERI E UGUALI (10.04.2018-25.10.2019)","20180410","20191025"
"550","OCCHIONERO GIUSEPPINA","MISTO (27.03.2018-10.04.2018)","20180327","20180410"
"551","OCCHIONERO GIUSEPPINA","ITALIA VIVA (25.10.2019)","20191025",NA
"552","OCCHIUTO ROBERTO","FORZA ITALIA - BERLUSCONI PRESIDENTE (27.03.2018-04.11.2021)","20180327","20211104"
"553","OLGIATI RICCARDO","MOVIMENTO 5 STELLE (27.03.2018)","20180327",NA
"554","ORFINI MATTEO","PARTITO DEMOCRATICO (27.03.2018)","20180327",NA
"555","ORLANDO ANDREA","PARTITO DEMOCRATICO (27.03.2018)","20180327",NA
"556","ORRICO ANNA LAURA","MOVIMENTO 5 STELLE (27.03.2018)","20180327",NA
"557","ORSINI ANDREA GIORGIO FELICE MARIA","FORZA ITALIA - BERLUSCONI PRESIDENTE (27.03.2018)","20180327",NA
"558","OSNATO MARCO","FRATELLI D'ITALIA (27.03.2018)","20180327",NA
"559","PADOAN PIETRO CARLO","PARTITO DEMOCRATICO (27.03.2018-04.11.2020)","20180327","20201104"
"560","PAGANI ALBERTO","PARTITO DEMOCRATICO (27.03.2018)","20180327",NA
"561","PAGANO ALESSANDRO SARO ALFONSO","LEGA - SALVINI PREMIER (27.03.2018)","20180327",NA
"562","PAGANO UBALDO","PARTITO DEMOCRATICO (27.03.2018)","20180327",NA
"563","PAITA RAFFAELLA","PARTITO DEMOCRATICO (27.03.2018-19.09.2019)","20180327","20190919"
"564","PAITA RAFFAELLA","ITALIA VIVA (19.09.2019)","20190919",NA
"565","PALAZZOTTO ERASMO","MISTO (27.03.2018-10.04.2018)","20180327","20180410"
"566","PALAZZOTTO ERASMO","LIBERI E UGUALI (10.04.2018)","20180410",NA
"567","PALLINI MARIA","MOVIMENTO 5 STELLE (27.03.2018)","20180327",NA
"568","PALMIERI ANTONIO","FORZA ITALIA - BERLUSCONI PRESIDENTE (27.03.2018)","20180327",NA
"569","PALMISANO VALENTINA","MOVIMENTO 5 STELLE (27.03.2018)","20180327",NA
"570","PANIZZUT MASSIMILIANO","LEGA - SALVINI PREMIER (27.03.2018)","20180327",NA
"571","PAOLIN GIUSEPPE","LEGA - SALVINI PREMIER (05.08.2020)","20200805",NA
"572","PAOLINI LUCA RODOLFO","LEGA - SALVINI PREMIER (27.03.2018)","20180327",NA
"573","PAPIRO ANTONELLA","MOVIMENTO 5 STELLE (27.03.2018)","20180327",NA
"574","PARENTELA PAOLO","MOVIMENTO 5 STELLE (27.03.2018)","20180327",NA
"575","PARISSE MARTINA","MOVIMENTO 5 STELLE (27.03.2018-27.05.2021)","20180327","20210527"
"576","PARISSE MARTINA","CORAGGIO ITALIA (27.05.2021)","20210527",NA
"577","PAROLO UGO","LEGA - SALVINI PREMIER (27.03.2018)","20180327",NA
"578","PASTORINO LUCA","MISTO (27.03.2018-10.04.2018)","20180327","20180410"
"579","PASTORINO LUCA","LIBERI E UGUALI (10.04.2018)","20180410",NA
"580","PATASSINI TULLIO","LEGA - SALVINI PREMIER (27.03.2018)","20180327",NA
"581","PATELLI CRISTINA","LEGA - SALVINI PREMIER (27.03.2018)","20180327",NA
"582","PATERNOSTER PAOLO","LEGA - SALVINI PREMIER (27.03.2018)","20180327",NA
"583","PAXIA MARIA LAURA","MOVIMENTO 5 STELLE (27.03.2018-19.02.2021)","20180327","20210219"
"584","PAXIA MARIA LAURA","MISTO (19.02.2021)","20210219",NA
"585","PEDRAZZINI CLAUDIO","FORZA ITALIA - BERLUSCONI PRESIDENTE (27.03.2018-09.09.2019)","20180327","20190909"
"586","PEDRAZZINI CLAUDIO","MISTO (09.09.2019-27.05.2021)","20190909","20210527"
"587","PEDRAZZINI CLAUDIO","CORAGGIO ITALIA (27.05.2021-01.12.2021)","20210527","20211201"
"588","PEDRAZZINI CLAUDIO","MISTO (01.12.2021)","20211201",NA
"589","PELLA ROBERTO","FORZA ITALIA - BERLUSCONI PRESIDENTE (27.03.2018)","20180327",NA
"590","PELLICANI NICOLA","PARTITO DEMOCRATICO (27.03.2018)","20180327",NA
"591","PENNA LEONARDO SALVATORE","MOVIMENTO 5 STELLE (27.03.2018)","20180327",NA
"592","PENTANGELO ANTONIO","FORZA ITALIA - BERLUSCONI PRESIDENTE (27.03.2018)","20180327",NA
"593","PERANTONI MARIO","MOVIMENTO 5 STELLE (27.03.2018)","20180327",NA
"594","PERCONTI FILIPPO GIUSEPPE","MOVIMENTO 5 STELLE (27.03.2018)","20180327",NA
"595","PEREGO DI CREMNAGO MATTEO","FORZA ITALIA - BERLUSCONI PRESIDENTE (27.03.2018)","20180327",NA
"596","PETTARIN GUIDO GERMANO","FORZA ITALIA - BERLUSCONI PRESIDENTE (27.03.2018-27.05.2021)","20180327","20210527"
"597","PETTARIN GUIDO GERMANO","CORAGGIO ITALIA (27.05.2021)","20210527",NA
"598","PETTAZZI LINO","LEGA - SALVINI PREMIER (27.03.2018)","20180327",NA
"599","PEZZOPANE STEFANIA","PARTITO DEMOCRATICO (27.03.2018)","20180327",NA
"600","PIASTRA CARLO","LEGA - SALVINI PREMIER (27.03.2018)","20180327",NA
"601","PICCHI GUGLIELMO","LEGA - SALVINI PREMIER (27.03.2018)","20180327",NA
"602","PICCOLI FLAVIA","PARTITO DEMOCRATICO (27.03.2018)","20180327",NA
"603","PICCOLO TIZIANA","CORAGGIO ITALIA (27.05.2021-27.05.2021)","20210527","20210527"
"604","PICCOLO TIZIANA","LEGA - SALVINI PREMIER (10.01.2019-27.05.2021)","20190110","20210527"
"605","PICCOLO TIZIANA","LEGA - SALVINI PREMIER (27.05.2021)","20210527",NA
"606","PIGNATONE DEDALO COSIMO GAETANO","MOVIMENTO 5 STELLE (27.03.2018)","20180327",NA
"607","PINI GIUDITTA","PARTITO DEMOCRATICO (27.03.2018)","20180327",NA
"608","PITTALIS PIETRO","FORZA ITALIA - BERLUSCONI PRESIDENTE (27.03.2018)","20180327",NA
"609","PIZZETTI LUCIANO","PARTITO DEMOCRATICO (27.03.2018)","20180327",NA
"610","PLANGGER ALBRECHT","MISTO (27.03.2018)","20180327",NA
"611","POLIDORI CATIA","FORZA ITALIA - BERLUSCONI PRESIDENTE (27.03.2018)","20180327",NA
"612","POLLASTRINI BARBARA MARIA SIMONETTA","PARTITO DEMOCRATICO (27.03.2018)","20180327",NA
"613","POLVERINI RENATA","MISTO (21.01.2021-21.05.2021)","20210121","20210521"
"614","POLVERINI RENATA","FORZA ITALIA - BERLUSCONI PRESIDENTE (27.03.2018-20.01.2021)","20180327","20210120"
"615","POLVERINI RENATA","FORZA ITALIA - BERLUSCONI PRESIDENTE (21.05.2021)","20210521",NA
"616","PORCHIETTO CLAUDIA","FORZA ITALIA - BERLUSCONI PRESIDENTE (27.03.2018)","20180327",NA
"617","PORTAS GIACOMO","PARTITO DEMOCRATICO (27.03.2018-24.09.2019)","20180327","20190924"
"618","PORTAS GIACOMO","ITALIA VIVA (24.09.2019)","20190924",NA
"619","POTENTI MANFREDI","LEGA - SALVINI PREMIER (27.03.2018)","20180327",NA
"620","PRESTIGIACOMO STEFANIA","FORZA ITALIA - BERLUSCONI PRESIDENTE (27.03.2018)","20180327",NA
"621","PRESTIPINO PATRIZIA","PARTITO DEMOCRATICO (27.03.2018)","20180327",NA
"622","PRETTO ERIK UMBERTO","LEGA - SALVINI PREMIER (27.03.2018)","20180327",NA
"623","PRISCO EMANUELE","FRATELLI D'ITALIA (27.03.2018)","20180327",NA
"624","PROVENZA NICOLA","MOVIMENTO 5 STELLE (27.03.2018)","20180327",NA
"625","QUARTAPELLE PROCOPIO LIA","PARTITO DEMOCRATICO (27.03.2018)","20180327",NA
"626","RACCHELLA GERMANO","LEGA - SALVINI PREMIER (27.03.2018)","20180327",NA
"627","RACITI FAUSTO","PARTITO DEMOCRATICO (27.03.2018)","20180327",NA
"628","RADUZZI RAPHAEL","MOVIMENTO 5 STELLE (27.03.2018-19.02.2021)","20180327","20210219"
"629","RADUZZI RAPHAEL","MISTO (19.02.2021)","20210219",NA
"630","RAFFA ANGELA","MOVIMENTO 5 STELLE (27.03.2018)","20180327",NA
"631","RAFFAELLI ELENA","LEGA - SALVINI PREMIER (27.03.2018)","20180327",NA
"632","RAMPELLI FABIO","FRATELLI D'ITALIA (27.03.2018)","20180327",NA
"633","RAVETTO LAURA","FORZA ITALIA - BERLUSCONI PRESIDENTE (27.03.2018-19.11.2020)","20180327","20201119"
"634","RAVETTO LAURA","LEGA - SALVINI PREMIER (19.11.2020)","20201119",NA
"635","RIBOLLA ALBERTO","LEGA - SALVINI PREMIER (27.03.2018)","20180327",NA
"636","RICCIARDI RICCARDO","MOVIMENTO 5 STELLE (27.03.2018)","20180327",NA
"637","RIPANI ELISABETTA","FORZA ITALIA - BERLUSCONI PRESIDENTE (27.03.2018-27.05.2021)","20180327","20210527"
"638","RIPANI ELISABETTA","CORAGGIO ITALIA (27.05.2021)","20210527",NA
"639","RIXI EDOARDO","LEGA - SALVINI PREMIER (27.03.2018)","20180327",NA
"640","RIZZETTO WALTER","FRATELLI D'ITALIA (27.03.2018)","20180327",NA
"641","RIZZO GIANLUCA","MOVIMENTO 5 STELLE (27.03.2018)","20180327",NA
"642","RIZZO NERVO LUCA","PARTITO DEMOCRATICO (27.03.2018)","20180327",NA
"643","RIZZONE MARCO","MOVIMENTO 5 STELLE (27.03.2018-21.09.2020)","20180327","20200921"
"644","RIZZONE MARCO","MISTO (21.09.2020-27.05.2021)","20200921","20210527"
"645","RIZZONE MARCO","CORAGGIO ITALIA (27.05.2021)","20210527",NA
"646","ROMANIELLO CRISTIAN","MOVIMENTO 5 STELLE (27.03.2018-02.03.2021)","20180327","20210302"
"647","ROMANIELLO CRISTIAN","MISTO (02.03.2021)","20210302",NA
"648","ROMANO ANDREA","PARTITO DEMOCRATICO (27.03.2018)","20180327",NA
"649","ROMANO PAOLO NICOLO'","MOVIMENTO 5 STELLE (27.03.2018-20.10.2020)","20180327","20201020"
"650","ROMANO PAOLO NICOLO'","MISTO (20.10.2020)","20201020",NA
"651","ROSATO ETTORE","PARTITO DEMOCRATICO (27.03.2018-19.09.2019)","20180327","20190919"
"652","ROSATO ETTORE","ITALIA VIVA (19.09.2019)","20190919",NA
"653","ROSPI GIANLUCA","MOVIMENTO 5 STELLE (27.03.2018-03.01.2020)","20180327","20200103"
"654","ROSPI GIANLUCA","MISTO (03.01.2020-27.05.2021)","20200103","20210527"
"655","ROSPI GIANLUCA","CORAGGIO ITALIA (27.05.2021-18.11.2021)","20210527","20211118"
"656","ROSPI GIANLUCA","FORZA ITALIA - BERLUSCONI PRESIDENTE (18.11.2021)","20211118",NA
"657","ROSSELLO CRISTINA","FORZA ITALIA - BERLUSCONI PRESIDENTE (27.03.2018)","20180327",NA
"658","ROSSI ANDREA","PARTITO DEMOCRATICO (27.03.2018)","20180327",NA
"659","ROSSINI EMANUELA","MISTO (27.03.2018)","20180327",NA
"660","ROSSINI ROBERTO","MOVIMENTO 5 STELLE (27.03.2018)","20180327",NA
"661","ROSSO ROBERTO","FORZA ITALIA - BERLUSCONI PRESIDENTE (27.03.2018)","20180327",NA
"662","ROSTAN MICHELA","ITALIA VIVA (19.02.2020-02.02.2021)","20200219","20210202"
"663","ROSTAN MICHELA","MISTO (27.03.2018-10.04.2018)","20180327","20180410"
"664","ROSTAN MICHELA","LIBERI E UGUALI (10.04.2018-19.02.2020)","20180410","20200219"
"665","ROSTAN MICHELA","MISTO (02.02.2021)","20210202",NA
"666","ROTELLI MAURO","FRATELLI D'ITALIA (27.03.2018)","20180327",NA
"667","ROTONDI GIANFRANCO","FORZA ITALIA - BERLUSCONI PRESIDENTE (27.03.2018)","20180327",NA
"668","ROTTA ALESSIA","PARTITO DEMOCRATICO (27.03.2018)","20180327",NA
"669","RUFFINO DANIELA","FORZA ITALIA - BERLUSCONI PRESIDENTE (27.03.2018-15.02.2021)","20180327","20210215"
"670","RUFFINO DANIELA","MISTO (15.02.2021-27.05.2021)","20210215","20210527"
"671","RUFFINO DANIELA","CORAGGIO ITALIA (27.05.2021)","20210527",NA
"672","RUGGIERI ANDREA","FORZA ITALIA - BERLUSCONI PRESIDENTE (27.03.2018)","20180327",NA
"673","RUGGIERO FRANCESCA ANNA","MOVIMENTO 5 STELLE (27.03.2018)","20180327",NA
"674","RUOCCO CARLA","MOVIMENTO 5 STELLE (27.03.2018)","20180327",NA
"675","RUSSO GIOVANNI","MISTO (19.02.2021-22.07.2021)","20210219","20210722"
"676","RUSSO GIOVANNI","MOVIMENTO 5 STELLE (27.03.2018-19.02.2021)","20180327","20210219"
"677","RUSSO GIOVANNI","FRATELLI D'ITALIA (22.07.2021)","20210722",NA
"678","RUSSO PAOLO","FORZA ITALIA - BERLUSCONI PRESIDENTE (27.03.2018)","20180327",NA
"679","SACCANI GLORIA","FORZA ITALIA - BERLUSCONI PRESIDENTE (27.03.2018)","20180327",NA
"680","SAITTA EUGENIO","MOVIMENTO 5 STELLE (27.03.2018)","20180327",NA
"681","SALAFIA ANGELA","MOVIMENTO 5 STELLE (27.03.2018)","20180327",NA
"682","SALTAMARTINI BARBARA","LEGA - SALVINI PREMIER (27.03.2018)","20180327",NA
"683","SANGA GIOVANNI","PARTITO DEMOCRATICO (21.01.2021-13.04.2021)","20210121","20210413"
"684","SANGREGORIO EUGENIO","MISTO (27.03.2018)","20180327",NA
"685","SANI LUCA","PARTITO DEMOCRATICO (30.09.2020)","20200930",NA
"686","SANTELLI JOLE","FORZA ITALIA - BERLUSCONI PRESIDENTE (27.03.2018-31.03.2020)","20180327","20200331"
"687","SAPIA FRANCESCO","MOVIMENTO 5 STELLE (27.03.2018-19.02.2021)","20180327","20210219"
"688","SAPIA FRANCESCO","MISTO (19.02.2021)","20210219",NA
"689","SARLI DORIANA","MOVIMENTO 5 STELLE (27.03.2018-19.02.2021)","20180327","20210219"
"690","SARLI DORIANA","MISTO (19.02.2021)","20210219",NA
"691","SARRO CARLO","FORZA ITALIA - BERLUSCONI PRESIDENTE (27.03.2018)","20180327",NA
"692","SARTI GIULIA","MOVIMENTO 5 STELLE (27.03.2018)","20180327",NA
"693","SASSO ROSSANO","LEGA - SALVINI PREMIER (27.03.2018)","20180327",NA
"694","SAVINO ELVIRA","FORZA ITALIA - BERLUSCONI PRESIDENTE (27.03.2018)","20180327",NA
"695","SAVINO SANDRA","FORZA ITALIA - BERLUSCONI PRESIDENTE (27.03.2018)","20180327",NA
"696","SCAGLIUSI EMANUELE","MOVIMENTO 5 STELLE (27.03.2018)","20180327",NA
"697","SCALFAROTTO IVAN","PARTITO DEMOCRATICO (27.03.2018-19.09.2019)","20180327","20190919"
"698","SCALFAROTTO IVAN","ITALIA VIVA (19.09.2019)","20190919",NA
"699","SCANU LUCIA","MOVIMENTO 5 STELLE (27.03.2018-24.12.2021)","20180327","20211224"
"700","SCANU LUCIA","MISTO (24.12.2021-12.01.2022)","20211224","20220112"
"701","SCANU LUCIA","CORAGGIO ITALIA (12.01.2022)","20220112",NA
"702","SCERRA FILIPPO","MOVIMENTO 5 STELLE (27.03.2018)","20180327",NA
"703","SCHIRO' ANGELA","PARTITO DEMOCRATICO (27.03.2018)","20180327",NA
"704","SCHULLIAN MANFRED","MISTO (27.03.2018)","20180327",NA
"705","SCOMA FRANCESCO","ITALIA VIVA (15.05.2020-23.09.2021)","20200515","20210923"
"706","SCOMA FRANCESCO","FORZA ITALIA - BERLUSCONI PRESIDENTE (27.03.2018-15.05.2020)","20180327","20200515"
"707","SCOMA FRANCESCO","LEGA - SALVINI PREMIER (23.09.2021)","20210923",NA
"708","SCUTELLA' ELISA","MOVIMENTO 5 STELLE (27.03.2018)","20180327",NA
"709","SEGNANA STEFANIA","LEGA - SALVINI PREMIER (27.03.2018-09.01.2019)","20180327","20190109"
"710","SEGNERI ENRICA","MOVIMENTO 5 STELLE (27.03.2018)","20180327",NA
"711","SENSI FILIPPO","PARTITO DEMOCRATICO (27.03.2018)","20180327",NA
"712","SERRACCHIANI DEBORA","PARTITO DEMOCRATICO (27.03.2018)","20180327",NA
"713","SERRITELLA DAVIDE","MOVIMENTO 5 STELLE (27.03.2018)","20180327",NA
"714","SESSA MARIA ROSA","FORZA ITALIA - BERLUSCONI PRESIDENTE (25.01.2022)","20220125",NA
"715","SGARBI VITTORIO","FORZA ITALIA - BERLUSCONI PRESIDENTE (27.03.2018-04.10.2018)","20180327","20181004"
"716","SGARBI VITTORIO","MISTO (04.10.2018)","20181004",NA
"717","SIANI PAOLO","PARTITO DEMOCRATICO (27.03.2018)","20180327",NA
"718","SIBILIA CARLO","MOVIMENTO 5 STELLE (27.03.2018)","20180327",NA
"719","SIBILIA COSIMO","FORZA ITALIA - BERLUSCONI PRESIDENTE (27.03.2018-27.05.2021)","20180327","20210527"
"720","SIBILIA COSIMO","CORAGGIO ITALIA (27.05.2021)","20210527",NA
"721","SILLI GIORGIO","MISTO (06.05.2019-27.05.2021)","20190506","20210527"
"722","SILLI GIORGIO","FORZA ITALIA - BERLUSCONI PRESIDENTE (27.03.2018-06.05.2019)","20180327","20190506"
"723","SILLI GIORGIO","CORAGGIO ITALIA (27.05.2021)","20210527",NA
"724","SILVESTRI FRANCESCO","MOVIMENTO 5 STELLE (27.03.2018)","20180327",NA
"725","SILVESTRI RACHELE","MISTO (09.01.2020-19.03.2021)","20200109","20210319"
"726","SILVESTRI RACHELE","MOVIMENTO 5 STELLE (27.03.2018-09.01.2020)","20180327","20200109"
"727","SILVESTRI RACHELE","FRATELLI D'ITALIA (19.03.2021)","20210319",NA
"728","SILVESTRONI MARCO","FRATELLI D'ITALIA (27.03.2018)","20180327",NA
"729","SIRACUSANO MATILDE","FORZA ITALIA - BERLUSCONI PRESIDENTE (27.03.2018)","20180327",NA
"730","SIRAGUSA ELISA","MOVIMENTO 5 STELLE (27.03.2018-23.11.2020)","20180327","20201123"
"731","SIRAGUSA ELISA","MISTO (23.11.2020)","20201123",NA
"732","SISTO FRANCESCO PAOLO","FORZA ITALIA - BERLUSCONI PRESIDENTE (27.03.2018)","20180327",NA
"733","SNIDER SILVANA","LEGA - SALVINI PREMIER (17.02.2021)","20210217",NA
"734","SODANO MICHELE","MOVIMENTO 5 STELLE (27.03.2018-19.02.2021)","20180327","20210219"
"735","SODANO MICHELE","MISTO (19.02.2021)","20210219",NA
"736","SORTE ALESSANDRO","FORZA ITALIA - BERLUSCONI PRESIDENTE (27.03.2018-09.09.2019)","20180327","20190909"
"737","SORTE ALESSANDRO","MISTO (09.09.2019-30.11.2021)","20190909","20211130"
"738","SORTE ALESSANDRO","FORZA ITALIA - BERLUSCONI PRESIDENTE (30.11.2021)","20211130",NA
"739","SOVERINI SERSE","MISTO (27.03.2018-23.09.2019)","20180327","20190923"
"740","SOVERINI SERSE","PARTITO DEMOCRATICO (23.09.2019)","20190923",NA
"741","SOZZANI DIEGO","FORZA ITALIA - BERLUSCONI PRESIDENTE (27.03.2018)","20180327",NA
"742","SPADAFORA VINCENZO","MOVIMENTO 5 STELLE (27.03.2018)","20180327",NA
"743","SPADONI MARIA EDERA","MOVIMENTO 5 STELLE (27.03.2018)","20180327",NA
"744","SPENA MARIA","FORZA ITALIA - BERLUSCONI PRESIDENTE (27.03.2018)","20180327",NA
"745","SPERANZA ROBERTO","MISTO (27.03.2018-10.04.2018)","20180327","20180410"
"746","SPERANZA ROBERTO","LIBERI E UGUALI (10.04.2018)","20180410",NA
"747","SPESSOTTO ARIANNA","MOVIMENTO 5 STELLE (27.03.2018-19.02.2021)","20180327","20210219"
"748","SPESSOTTO ARIANNA","MISTO (19.02.2021)","20210219",NA
"749","SPORTIELLO GILDA","MOVIMENTO 5 STELLE (27.03.2018)","20180327",NA
"750","SQUERI LUCA","FORZA ITALIA - BERLUSCONI PRESIDENTE (27.03.2018)","20180327",NA
"751","STEFANI ALBERTO","LEGA - SALVINI PREMIER (27.03.2018)","20180327",NA
"752","STUMPO NICOLA","MISTO (27.03.2018-10.04.2018)","20180327","20180410"
"753","STUMPO NICOLA","LIBERI E UGUALI (10.04.2018)","20180410",NA
"754","SURIANO SIMONA","MOVIMENTO 5 STELLE (27.03.2018-02.03.2021)","20180327","20210302"
"755","SURIANO SIMONA","MISTO (02.03.2021)","20210302",NA
"756","SUT LUCA","MOVIMENTO 5 STELLE (27.03.2018)","20180327",NA
"757","SUTTO MAURO","LEGA - SALVINI PREMIER (01.06.2019)","20190601",NA
"758","TABACCI BRUNO","MISTO (27.03.2018)","20180327",NA
"759","TARANTINO LEONARDO","LEGA - SALVINI PREMIER (27.03.2018)","20180327",NA
"760","TARTAGLIONE ANNAELSA","FORZA ITALIA - BERLUSCONI PRESIDENTE (27.03.2018)","20180327",NA
"761","TASSO ANTONIO","MISTO (27.03.2018)","20180327",NA
"762","TATEO ANNA RITA","LEGA - SALVINI PREMIER (27.03.2018)","20180327",NA
"763","TERMINI GUIA","MOVIMENTO 5 STELLE (27.03.2018-19.02.2021)","20180327","20210219"
"764","TERMINI GUIA","MISTO (19.02.2021)","20210219",NA
"765","TERZI CLAUDIA MARIA","LEGA - SALVINI PREMIER (27.03.2018-27.06.2018)","20180327","20180627"
"766","TERZONI PATRIZIA","MOVIMENTO 5 STELLE (27.03.2018)","20180327",NA
"767","TESTAMENTO ROSA ALBA","MOVIMENTO 5 STELLE (27.03.2018-19.02.2021)","20180327","20210219"
"768","TESTAMENTO ROSA ALBA","MISTO (19.02.2021)","20210219",NA
"769","TIMBRO MARIA FLAVIA","LIBERI E UGUALI (10.06.2021)","20210610",NA
"770","TIRAMANI PAOLO","LEGA - SALVINI PREMIER (27.03.2018)","20180327",NA
"771","TOCCAFONDI GABRIELE","MISTO (27.03.2018-19.09.2019)","20180327","20190919"
"772","TOCCAFONDI GABRIELE","ITALIA VIVA (19.09.2019)","20190919",NA
"773","TOCCALINI LUCA","LEGA - SALVINI PREMIER (26.07.2018)","20180726",NA
"774","TOFALO ANGELO","MOVIMENTO 5 STELLE (27.03.2018)","20180327",NA
"775","TOMASI MAURA","LEGA - SALVINI PREMIER (27.03.2018)","20180327",NA
"776","TOMBOLATO GIOVANNI BATTISTA","LEGA - SALVINI PREMIER (27.03.2018)","20180327",NA
"777","TONDO RENZO","MISTO (27.03.2018)","20180327",NA
"778","TONELLI GIANNI","LEGA - SALVINI PREMIER (27.03.2018)","20180327",NA
"779","TOPO RAFFAELE","PARTITO DEMOCRATICO (27.03.2018)","20180327",NA
"780","TORROMINO SERGIO","FORZA ITALIA - BERLUSCONI PRESIDENTE (08.05.2020)","20200508",NA
"781","TORTO DANIELA","MOVIMENTO 5 STELLE (27.03.2018)","20180327",NA
"782","TRANCASSINI PAOLO","FRATELLI D'ITALIA (27.03.2018)","20180327",NA
"783","TRANO RAFFAELE","MOVIMENTO 5 STELLE (27.03.2018-18.03.2020)","20180327","20200318"
"784","TRANO RAFFAELE","MISTO (18.03.2020)","20200318",NA
"785","TRAVERSI ROBERTO","MOVIMENTO 5 STELLE (27.03.2018)","20180327",NA
"786","TRIPIEDI DAVIDE","MOVIMENTO 5 STELLE (27.03.2018)","20180327",NA
"787","TRIPODI ELISA","MOVIMENTO 5 STELLE (27.03.2018)","20180327",NA
"788","TRIPODI MARIA","FORZA ITALIA - BERLUSCONI PRESIDENTE (27.03.2018)","20180327",NA
"789","TRIZZINO GIORGIO","MOVIMENTO 5 STELLE (27.03.2018-24.03.2021)","20180327","20210324"
"790","TRIZZINO GIORGIO","MISTO (24.03.2021)","20210324",NA
"791","TROIANO FRANCESCA","MOVIMENTO 5 STELLE (27.03.2018)","20180327",NA
"792","TUCCI RICCARDO","MOVIMENTO 5 STELLE (27.03.2018)","20180327",NA
"793","TURRI ROBERTO","LEGA - SALVINI PREMIER (27.03.2018)","20180327",NA
"794","TUZI MANUEL","MOVIMENTO 5 STELLE (27.03.2018)","20180327",NA
"795","UNGARO MASSIMO","PARTITO DEMOCRATICO (27.03.2018-19.09.2019)","20180327","20190919"
"796","UNGARO MASSIMO","ITALIA VIVA (19.09.2019)","20190919",NA
"797","VACCA GIANLUCA","MOVIMENTO 5 STELLE (27.03.2018)","20180327",NA
"798","VALBUSA VANIA","LEGA - SALVINI PREMIER (27.03.2018)","20180327",NA
"799","VALENTE SIMONE","MOVIMENTO 5 STELLE (27.03.2018)","20180327",NA
"800","VALENTINI VALENTINO","FORZA ITALIA - BERLUSCONI PRESIDENTE (27.03.2018)","20180327",NA
"801","VALLASCAS ANDREA","MOVIMENTO 5 STELLE (27.03.2018-19.02.2021)","20180327","20210219"
"802","VALLASCAS ANDREA","MISTO (19.02.2021)","20210219",NA
"803","VALLOTTO SERGIO","LEGA - SALVINI PREMIER (27.03.2018)","20180327",NA
"804","VARCHI MARIA CAROLINA","FRATELLI D'ITALIA (27.03.2018)","20180327",NA
"805","VARRICA ADRIANO","MOVIMENTO 5 STELLE (27.03.2018)","20180327",NA
"806","VAZIO FRANCO","PARTITO DEMOCRATICO (27.03.2018)","20180327",NA
"807","VERINI WALTER","PARTITO DEMOCRATICO (27.03.2018)","20180327",NA
"808","VERSACE GIUSEPPINA","FORZA ITALIA - BERLUSCONI PRESIDENTE (27.03.2018)","20180327",NA
"809","VIANELLO GIOVANNI","MOVIMENTO 5 STELLE (27.03.2018-15.09.2021)","20180327","20210915"
"810","VIANELLO GIOVANNI","MISTO (15.09.2021)","20210915",NA
"811","VIETINA SIMONA","FORZA ITALIA - BERLUSCONI PRESIDENTE (27.03.2018-27.05.2021)","20180327","20210527"
"812","VIETINA SIMONA","CORAGGIO ITALIA (27.05.2021)","20210527",NA
"813","VIGNAROLI STEFANO","MOVIMENTO 5 STELLE (27.03.2018)","20180327",NA
"814","VILLANI VIRGINIA","MOVIMENTO 5 STELLE (27.03.2018)","20180327",NA
"815","VILLAROSA ALESSIO MATTIA","MOVIMENTO 5 STELLE (27.03.2018-19.02.2021)","20180327","20210219"
"816","VILLAROSA ALESSIO MATTIA","MISTO (19.02.2021)","20210219",NA
"817","VINCI GIANLUCA","LEGA - SALVINI PREMIER (27.03.2018-19.02.2021)","20180327","20210219"
"818","VINCI GIANLUCA","FRATELLI D'ITALIA (19.02.2021)","20210219",NA
"819","VISCOMI ANTONIO","PARTITO DEMOCRATICO (27.03.2018)","20180327",NA
"820","VITIELLO CATELLO","MISTO (27.03.2018-17.10.2019)","20180327","20191017"
"821","VITIELLO CATELLO","ITALIA VIVA (17.10.2019)","20191017",NA
"822","VITO ELIO","FORZA ITALIA - BERLUSCONI PRESIDENTE (27.03.2018)","20180327",NA
"823","VIVIANI LORENZO","LEGA - SALVINI PREMIER (27.03.2018)","20180327",NA
"824","VIZZINI GLORIA","MOVIMENTO 5 STELLE (27.03.2018-01.07.2019)","20180327","20190701"
"825","VIZZINI GLORIA","MISTO (01.07.2019)","20190701",NA
"826","VOLPI LEDA","MOVIMENTO 5 STELLE (27.03.2018-19.02.2021)","20180327","20210219"
"827","VOLPI LEDA","MISTO (19.02.2021)","20210219",NA
"828","VOLPI RAFFAELE","LEGA - SALVINI PREMIER (27.03.2018)","20180327",NA
"829","ZAN ALESSANDRO","PARTITO DEMOCRATICO (27.03.2018)","20180327",NA
"830","ZANELLA FEDERICA","FORZA ITALIA - BERLUSCONI PRESIDENTE (27.03.2018-19.11.2020)","20180327","20201119"
"831","ZANELLA FEDERICA","LEGA - SALVINI PREMIER (19.11.2020)","20201119",NA
"832","ZANETTIN PIERANTONIO","FORZA ITALIA - BERLUSCONI PRESIDENTE (27.03.2018)","20180327",NA
"833","ZANGRILLO PAOLO","FORZA ITALIA - BERLUSCONI PRESIDENTE (27.03.2018)","20180327",NA
"834","ZANICHELLI DAVIDE","MOVIMENTO 5 STELLE (27.03.2018)","20180327",NA
"835","ZANOTELLI GIULIA","LEGA - SALVINI PREMIER (27.03.2018-09.01.2019)","20180327","20190109"
"836","ZARDINI DIEGO","PARTITO DEMOCRATICO (27.03.2018)","20180327",NA
"837","ZENNARO ANTONIO","MOVIMENTO 5 STELLE (27.03.2018-23.04.2020)","20180327","20200423"
"838","ZENNARO ANTONIO","MISTO (23.04.2020-18.01.2021)","20200423","20210118"
"839","ZENNARO ANTONIO","LEGA - SALVINI PREMIER (18.01.2021)","20210118",NA
"840","ZICCHIERI FRANCESCO","LEGA - SALVINI PREMIER (27.03.2018)","20180327",NA
"841","ZIELLO EDOARDO","LEGA - SALVINI PREMIER (27.03.2018)","20180327",NA
"842","ZOFFILI EUGENIO","LEGA - SALVINI PREMIER (27.03.2018)","20180327",NA
"843","ZOLEZZI ALBERTO","MOVIMENTO 5 STELLE (27.03.2018)","20180327",NA
"844","ZORDAN ADOLFO","LEGA - SALVINI PREMIER (27.03.2018)","20180327",NA
"845","ZUCCONI RICCARDO","FRATELLI D'ITALIA (27.03.2018)","20180327",NA
